Times,Pression
2018-01-01 23:10:00,2.9585863688479197
2018-01-01 23:15:00,3.0124635834061904
2018-01-01 23:20:00,2.864411932420585
2018-01-01 23:25:00,2.5740173900242045
2018-01-01 23:30:00,3.006127254734367
2018-01-01 23:40:00,3.823851109191789
2018-01-01 23:45:00,3.468804582545173
2018-01-01 23:55:00,3.294055642032451
2018-01-02 00:05:00,2.9003972075957263
2018-01-02 00:15:00,2.168362915654876
2018-01-02 00:25:00,3.052678853763574
2018-01-02 00:30:00,2.4166980080090186
2018-01-02 00:40:00,1.9199318003258627
2018-01-02 00:45:00,2.198615631374291
2018-01-02 00:50:00,2.1144181777608297
2018-01-02 00:55:00,2.038671602447171
2018-01-02 01:05:00,3.133792623756227
2018-01-02 01:15:00,1.9639281596457336
2018-01-02 01:20:00,1.893416232803205
2018-01-02 01:25:00,2.172054320689936
2018-01-02 01:50:00,1.019511719571373
2018-01-02 02:00:00,0.1658697366943706
2018-01-02 02:10:00,1.5032166586862528
2018-01-02 02:15:00,1.903978680152288
2018-01-02 02:25:00,2.031716183582017
2018-01-02 02:30:00,1.5717700291268712
2018-01-02 02:35:00,1.4746417785631218
2018-01-02 02:40:00,1.2825845918047925
2018-01-02 02:45:00,1.3300578868802415
2018-01-02 02:50:00,1.3147362223606816
2018-01-02 03:15:00,3.4619875770618496
2018-01-02 03:25:00,3.785884059949642
2018-01-02 03:30:00,3.594108650021857
2018-01-02 03:35:00,3.745987244672308
2018-01-02 03:45:00,4.038794760400412
2018-01-02 03:55:00,2.812152385031304
2018-01-02 04:10:00,3.885305954794654
2018-01-02 04:20:00,4.05832711232874
2018-01-02 04:25:00,4.172095351886159
2018-01-02 04:35:00,4.200569307600746
2018-01-02 04:40:00,3.9049291398161463
2018-01-02 05:05:00,3.193740339814464
2018-01-02 05:10:00,4.062920131026731
2018-01-02 05:15:00,4.714962219321771
2018-01-02 05:20:00,5.033220814211208
2018-01-02 05:25:00,4.7090878172159165
2018-01-02 05:30:00,4.082237320415909
2018-01-02 05:35:00,3.412438070652844
2018-01-02 05:40:00,3.0426727620324634
2018-01-02 05:45:00,3.2103812765078823
2018-01-02 05:50:00,3.5669874121794853
2018-01-02 06:10:00,4.351841765081705
2018-01-02 06:15:00,4.909494247922483
2018-01-02 06:25:00,4.228781559265913
2018-01-02 06:30:00,3.804944502520159
2018-01-02 06:45:00,4.3746804789073
2018-01-02 06:55:00,4.58087015323258
2018-01-02 07:05:00,4.071315169598664
2018-01-02 07:10:00,3.674484566746589
2018-01-02 07:15:00,3.09027142466364
2018-01-02 07:20:00,2.8788700252680237
2018-01-02 07:25:00,2.873621847719256
2018-01-02 07:30:00,2.4311029434973355
2018-01-02 07:35:00,1.989922031552681
2018-01-02 07:40:00,1.913452520164327
2018-01-02 07:45:00,1.8766312629435915
2018-01-02 07:55:00,1.9462593253166207
2018-01-02 08:00:00,2.467905910043317
2018-01-02 08:10:00,2.948344421199703
2018-01-02 08:25:00,2.5885690949501154
2018-01-02 08:30:00,2.642964239126726
2018-01-02 08:35:00,2.153518128013103
2018-01-02 08:40:00,1.4861637140078
2018-01-02 08:45:00,1.1270815689070794
2018-01-02 08:50:00,1.3808552031584762
2018-01-02 08:55:00,1.7164805670311734
2018-01-02 09:00:00,2.143448335561283
2018-01-02 09:05:00,1.806375316627869
2018-01-02 09:10:00,0.9036622881427412
2018-01-02 09:20:00,0.6411115191714991
2018-01-02 09:25:00,1.591638085372437
2018-01-02 09:30:00,2.156067243594497
2018-01-02 09:35:00,2.23851656100276
2018-01-02 09:40:00,2.169151024001712
2018-01-02 09:45:00,1.9585739247836969
2018-01-02 09:50:00,1.7773524736143251
2018-01-02 09:55:00,1.7937759914667804
2018-01-02 10:00:00,1.606648669489387
2018-01-02 10:10:00,1.610713662823427
2018-01-02 10:15:00,2.54335833495544
2018-01-02 10:20:00,3.2205432776879173
2018-01-02 10:25:00,3.379995822251045
2018-01-02 10:35:00,3.2941723783418904
2018-01-02 10:40:00,2.8727722079788083
2018-01-02 10:45:00,2.734509878515971
2018-01-02 10:55:00,2.932751939876112
2018-01-02 11:00:00,3.3424047395960823
2018-01-02 11:05:00,3.30280623844658
2018-01-02 11:10:00,3.143814144345597
2018-01-02 11:15:00,2.9355562501391868
2018-01-02 11:25:00,2.931891333275048
2018-01-02 11:30:00,3.305144539361425
2018-01-02 11:35:00,3.7484634990338126
2018-01-02 11:40:00,3.664879800224067
2018-01-02 11:45:00,3.687368636964234
2018-01-02 11:50:00,3.5886031123204125
2018-01-02 12:05:00,2.7716835213332
2018-01-02 12:10:00,2.829833091054227
2018-01-02 12:20:00,4.29127811022764
2018-01-02 12:30:00,4.265191073214458
2018-01-02 12:35:00,3.879301258255001
2018-01-02 12:40:00,3.2029905313761544
2018-01-02 12:45:00,3.671977151762774
2018-01-02 12:50:00,3.9299650412471543
2018-01-02 13:05:00,4.826900502853437
2018-01-02 13:15:00,5.503241787781858
2018-01-02 13:20:00,5.830305017432454
2018-01-02 13:40:00,3.384468084507997
2018-01-02 13:45:00,3.0059909816725066
2018-01-02 13:50:00,2.8598549296525864
2018-01-02 13:55:00,2.8420270402579053
2018-01-02 14:00:00,3.196669042075868
2018-01-02 14:10:00,3.387473070545514
2018-01-02 14:15:00,3.250372776334784
2018-01-02 14:20:00,2.9973114011137505
2018-01-02 14:25:00,3.532003488691138
2018-01-02 14:30:00,4.2695676471078094
2018-01-02 14:35:00,4.853433438959904
2018-01-02 14:40:00,4.358244326127373
2018-01-02 14:45:00,3.480795170865734
2018-01-02 14:50:00,2.8174639991073187
2018-01-02 15:10:00,2.705082877929626
2018-01-02 15:15:00,3.078514618941349
2018-01-02 15:25:00,3.66442268087811
2018-01-02 15:30:00,3.219695767826537
2018-01-02 15:35:00,2.323468986255841
2018-01-02 15:40:00,2.2657405750232966
2018-01-02 15:45:00,2.5909270607467354
2018-01-02 15:55:00,3.037620569344901
2018-01-02 16:00:00,2.7976793488304907
2018-01-02 16:05:00,2.351516575766834
2018-01-02 16:10:00,1.795268260896628
2018-01-02 16:15:00,1.3623551235346658
2018-01-02 16:20:00,0.6155162126715694
2018-01-02 16:30:00,0.8274012558424966
2018-01-02 16:35:00,1.3437522679370797
2018-01-02 16:40:00,2.1894326084523468
2018-01-02 16:50:00,2.7156717639590675
2018-01-02 17:00:00,2.523046209320261
2018-01-02 17:10:00,2.4787820766063917
2018-01-02 17:20:00,2.580838482368065
2018-01-02 17:25:00,2.612172679969784
2018-01-02 17:30:00,2.303230895473881
2018-01-02 17:35:00,2.151307996483228
2018-01-02 17:40:00,1.855888060005316
2018-01-02 17:45:00,1.244539527183148
2018-01-02 17:50:00,1.2923316801927156
2018-01-02 18:00:00,2.907321396656369
2018-01-02 18:05:00,3.180234628520005
2018-01-02 18:10:00,2.8604691216838964
2018-01-02 18:15:00,2.554350798958151
2018-01-02 18:25:00,1.5580457659920248
2018-01-02 18:30:00,1.1571069113587191
2018-01-02 18:35:00,1.8284250148129733
2018-01-02 18:40:00,2.416056782530525
2018-01-02 18:45:00,2.035404656228251
2018-01-02 18:50:00,1.4709642825679514
2018-01-02 18:55:00,1.6359180844433363
2018-01-02 19:00:00,2.258274169724648
2018-01-02 19:05:00,2.8261382594037783
2018-01-02 19:10:00,2.6871196549342304
2018-01-02 19:20:00,3.0073891399348054
2018-01-02 19:25:00,3.219647347449996
2018-01-02 19:30:00,3.60743071377115
2018-01-02 19:45:00,3.346946640054946
2018-01-02 19:50:00,3.6318142116921233
2018-01-02 19:55:00,3.694890166406793
2018-01-02 20:00:00,4.117496506855144
2018-01-02 20:05:00,3.9368465935358254
2018-01-02 20:15:00,3.2711525290320616
2018-01-02 20:25:00,3.2979331117356905
2018-01-02 20:30:00,3.316017565941737
2018-01-02 20:35:00,3.286085332163146
2018-01-02 20:40:00,3.105765938293345
2018-01-02 20:45:00,3.34047585008776
2018-01-02 20:50:00,3.375431770606151
2018-01-02 21:20:00,3.5579675931419827
2018-01-02 21:35:00,4.042289721005888
2018-01-02 21:40:00,4.232535283918312
2018-01-02 21:50:00,3.303754903326773
2018-01-02 21:55:00,2.8957870207469627
2018-01-02 22:00:00,3.050506803571285
2018-01-02 22:05:00,3.4044793639998887
2018-01-02 22:15:00,2.871915344878999
2018-01-02 22:20:00,2.8080429085161525
2018-01-02 22:25:00,2.9095821962604704
2018-01-02 22:30:00,3.1008289201055232
2018-01-02 22:35:00,3.1609412592932205
2018-01-02 23:00:00,2.120873392166001
2018-01-02 23:05:00,2.106437130007188
2018-01-02 23:10:00,2.258988004835733
2018-01-02 23:15:00,2.722141814535783
2018-01-02 23:20:00,2.7857906206109466
2018-01-02 23:25:00,2.892302441766205
2018-01-02 23:30:00,2.518137113447052
2018-01-02 23:35:00,2.494918553291761
2018-01-02 23:40:00,2.572971765111742
2018-01-02 23:50:00,2.9557600440916403
2018-01-02 23:55:00,3.4541227862910837
2018-01-03 00:00:00,3.3600460699866908
2018-01-03 00:15:00,2.887977250665553
2018-01-03 00:20:00,2.248103180710689
2018-01-03 00:25:00,1.7485866120998508
2018-01-03 00:35:00,2.1228373635448565
2018-01-03 00:40:00,2.668795555417807
2018-01-03 00:45:00,2.123675105491025
2018-01-03 00:50:00,1.3936986719865327
2018-01-03 01:00:00,1.554428564626371
2018-01-03 01:05:00,2.379566800636041
2018-01-03 01:20:00,2.5026168545487586
2018-01-03 01:30:00,2.1460069919971407
2018-01-03 01:35:00,2.020322137242011
2018-01-03 01:40:00,2.650703060676752
2018-01-03 01:45:00,3.365520078782125
2018-01-03 01:50:00,3.4294586831531944
2018-01-03 01:55:00,3.187245336063592
2018-01-03 02:20:00,2.6541602267544486
2018-01-03 02:25:00,2.5297413293500357
2018-01-03 02:35:00,2.0477619589127367
2018-01-03 02:40:00,2.173572329225694
2018-01-03 02:45:00,1.9917942835123137
2018-01-03 02:50:00,1.7259979983347484
2018-01-03 02:55:00,2.6354305131659994
2018-01-03 03:00:00,3.1979096508350136
2018-01-03 03:05:00,3.1600752051458274
2018-01-03 03:20:00,2.9519575721455604
2018-01-03 03:30:00,3.987566628606233
2018-01-03 03:35:00,3.820489350976817
2018-01-03 03:40:00,3.238391850034598
2018-01-03 03:55:00,4.324414254741056
2018-01-03 04:00:00,4.574043921188986
2018-01-03 04:05:00,4.303924233170072
2018-01-03 04:10:00,3.920971782571831
2018-01-03 04:15:00,3.370083334751823
2018-01-03 04:25:00,3.012484345910696
2018-01-03 04:30:00,3.516097944424787
2018-01-03 04:45:00,5.211402928658797
2018-01-03 04:50:00,4.9043499726581095
2018-01-03 04:55:00,4.1537998849906375
2018-01-03 05:00:00,3.4943472649205694
2018-01-03 05:05:00,3.75592904280262
2018-01-03 05:15:00,4.557349121591241
2018-01-03 05:25:00,4.317725428897909
2018-01-03 05:30:00,3.8724468814639543
2018-01-03 05:35:00,4.052496551427073
2018-01-03 05:40:00,3.8094896487754673
2018-01-03 05:50:00,3.520431259088134
2018-01-03 05:55:00,3.840072221662126
2018-01-03 06:00:00,3.2931042106920367
2018-01-03 06:05:00,2.612708477093607
2018-01-03 06:20:00,4.256093596906195
2018-01-03 06:30:00,3.4527527356611944
2018-01-03 06:40:00,2.8620670744227845
2018-01-03 06:50:00,3.977742235550176
2018-01-03 06:55:00,4.032962521159219
2018-01-03 07:00:00,3.372910707362212
2018-01-03 07:10:00,3.0091181809832204
2018-01-03 07:15:00,3.457623157624317
2018-01-03 07:20:00,4.098731261800413
2018-01-03 07:30:00,2.6755532532401016
2018-01-03 07:35:00,2.3434215063669708
2018-01-03 07:45:00,3.8474523202725406
2018-01-03 07:55:00,4.096699096942908
2018-01-03 08:00:00,3.2698054548428432
2018-01-03 08:05:00,2.689719369641464
2018-01-03 08:10:00,2.157994175399492
2018-01-03 08:15:00,2.382721782820393
2018-01-03 08:20:00,2.527340576642904
2018-01-03 08:35:00,2.92751092182863
2018-01-03 08:40:00,2.874722489841603
2018-01-03 08:45:00,2.6100974309621194
2018-01-03 08:50:00,2.753553144298529
2018-01-03 08:55:00,2.905061698215514
2018-01-03 09:00:00,2.9291631605494564
2018-01-03 09:10:00,2.234808447260257
2018-01-03 09:20:00,2.580911921842277
2018-01-03 09:30:00,3.1870259154182063
2018-01-03 09:35:00,2.185865444004262
2018-01-03 09:50:00,0.7660620948275576
2018-01-03 09:55:00,1.252355782978595
2018-01-03 10:05:00,1.3966078433056102
2018-01-03 10:20:00,1.8861893401950915
2018-01-03 10:25:00,2.287493347592625
2018-01-03 10:40:00,3.743777443037599
2018-01-03 10:45:00,4.030603554281889
2018-01-03 10:50:00,3.347644967633481
2018-01-03 10:55:00,2.2788700902537675
2018-01-03 11:00:00,1.9807593000788564
2018-01-03 11:15:00,3.201155645054374
2018-01-03 11:20:00,3.256851814059493
2018-01-03 11:30:00,2.375189387112863
2018-01-03 11:40:00,3.881296033763444
2018-01-03 11:55:00,4.809365011073274
2018-01-03 12:05:00,4.222596235972608
2018-01-03 12:10:00,3.799748034273356
2018-01-03 12:15:00,3.125715946041859
2018-01-03 12:25:00,3.572566867427354
2018-01-03 12:30:00,3.4356844192863147
2018-01-03 12:35:00,3.491861351076433
2018-01-03 12:40:00,3.388321854913414
2018-01-03 12:50:00,3.786994754162445
2018-01-03 12:55:00,3.876580014937097
2018-01-03 13:00:00,3.817470698811917
2018-01-03 13:05:00,3.972188360068527
2018-01-03 13:10:00,3.823374012651036
2018-01-03 13:20:00,3.855391112789185
2018-01-03 13:25:00,3.406868779908453
2018-01-03 13:30:00,3.4513169285975915
2018-01-03 13:40:00,3.5224603765254
2018-01-03 13:45:00,3.6723395773895176
2018-01-03 13:50:00,3.654442869998728
2018-01-03 13:55:00,3.6583621169157623
2018-01-03 14:00:00,3.6207738277255768
2018-01-03 14:05:00,3.796555144894969
2018-01-03 14:10:00,4.05869814025573
2018-01-03 14:15:00,4.2917732424208745
2018-01-03 14:20:00,4.243518905712053
2018-01-03 14:25:00,3.911983623580932
2018-01-03 14:30:00,3.3942835806628597
2018-01-03 14:35:00,3.209023284681948
2018-01-03 14:40:00,3.091810799615972
2018-01-03 14:45:00,3.25370658696423
2018-01-03 14:50:00,3.084117692974858
2018-01-03 14:55:00,2.9748843609863425
2018-01-03 15:00:00,2.370617160329818
2018-01-03 15:05:00,2.6420206931516703
2018-01-03 15:10:00,3.4531737037178742
2018-01-03 15:15:00,4.037208988224879
2018-01-03 15:20:00,3.820725710586673
2018-01-03 15:25:00,3.560782442205441
2018-01-03 15:35:00,2.503609222991124
2018-01-03 15:40:00,1.759193307599641
2018-01-03 15:45:00,1.653197359585442
2018-01-03 15:50:00,2.044718297907452
2018-01-03 15:55:00,2.274042609037888
2018-01-03 16:00:00,2.1601483362117944
2018-01-03 16:10:00,2.275661858231482
2018-01-03 16:15:00,2.53373274397807
2018-01-03 16:25:00,2.8381723257151013
2018-01-03 16:30:00,3.293044197561657
2018-01-03 16:35:00,3.4705190583444905
2018-01-03 16:40:00,3.662811298139292
2018-01-03 16:50:00,3.0836491242142707
2018-01-03 16:55:00,2.3338119041053087
2018-01-03 17:00:00,1.3613741210345534
2018-01-03 17:05:00,1.2992094581207132
2018-01-03 17:15:00,1.7249229977672902
2018-01-03 17:25:00,1.5817980181105231
2018-01-03 17:35:00,2.501613969319847
2018-01-03 17:40:00,2.1820276638642846
2018-01-03 17:45:00,1.6741641731791246
2018-01-03 17:55:00,2.5240284145341234
2018-01-03 18:05:00,2.1627169311338235
2018-01-03 18:10:00,2.307500363262725
2018-01-03 18:15:00,2.717923351986418
2018-01-03 18:20:00,2.952688215764323
2018-01-03 18:25:00,2.9494016981986397
2018-01-03 18:30:00,2.4506487809809188
2018-01-03 18:35:00,1.3183527262816197
2018-01-03 18:40:00,1.2248369963036414
2018-01-03 18:45:00,1.8360810640904817
2018-01-03 18:50:00,2.978216564630778
2018-01-03 18:55:00,2.9939025569430178
2018-01-03 19:00:00,3.1267273230277404
2018-01-03 19:05:00,3.774539905381533
2018-01-03 19:10:00,4.050290879825055
2018-01-03 19:15:00,3.5690019502553545
2018-01-03 19:20:00,3.279427362072041
2018-01-03 19:25:00,3.058479015263819
2018-01-03 19:30:00,2.9085807549761022
2018-01-03 19:35:00,3.09758963912666
2018-01-03 19:40:00,3.4864920652904305
2018-01-03 19:50:00,4.120886186874462
2018-01-03 19:55:00,4.149233585354924
2018-01-03 20:00:00,3.8091945947917383
2018-01-03 20:05:00,3.5296963719550933
2018-01-03 20:20:00,3.1073250451857697
2018-01-03 20:25:00,3.270766844022215
2018-01-03 20:30:00,3.569801106162932
2018-01-03 20:35:00,3.8844773442681206
2018-01-03 20:40:00,4.2144075709973885
2018-01-03 20:45:00,4.358921038564412
2018-01-03 20:55:00,4.034994911032689
2018-01-03 21:25:00,4.392817561895404
2018-01-03 21:30:00,4.040475842783169
2018-01-03 21:35:00,4.546591733065887
2018-01-03 21:40:00,4.522277933243078
2018-01-03 21:45:00,4.490333766861583
2018-01-03 21:50:00,4.42191729691831
2018-01-03 21:55:00,4.781974498095776
2018-01-03 22:00:00,5.365538420731408
2018-01-03 22:05:00,5.451939452707549
2018-01-03 22:10:00,5.112092977708862
2018-01-03 22:15:00,5.004363040197848
2018-01-03 22:20:00,4.349210178239424
2018-01-03 22:35:00,2.765862640812511
2018-01-03 22:40:00,2.709080684871957
2018-01-03 22:45:00,2.8003279685028413
2018-01-03 23:00:00,3.1123785978026013
2018-01-03 23:05:00,3.416512107183144
2018-01-03 23:10:00,3.035701909122516
2018-01-03 23:15:00,2.677628258022551
2018-01-03 23:20:00,2.627064893169619
2018-01-03 23:25:00,2.613346554904905
2018-01-03 23:30:00,2.5628169863329333
2018-01-03 23:40:00,2.7416937986513696
2018-01-03 23:45:00,3.0933960006925574
2018-01-03 23:50:00,3.070521933765942
2018-01-03 23:55:00,2.698950214336586
2018-01-04 00:00:00,2.2786542021702214
2018-01-04 00:05:00,2.0917372695626533
2018-01-04 00:15:00,1.994699033018817
2018-01-04 00:20:00,2.6807465261078107
2018-01-04 00:25:00,3.1076458226483163
2018-01-04 00:30:00,2.7928393358979706
2018-01-04 00:35:00,2.035881585798453
2018-01-04 00:40:00,1.7848346820896683
2018-01-04 00:45:00,1.8521144635527296
2018-01-04 00:50:00,2.15276048747426
2018-01-04 00:55:00,2.324457496102827
2018-01-04 01:05:00,1.997495780436381
2018-01-04 01:10:00,2.1034842227488086
2018-01-04 01:15:00,2.0834701151238235
2018-01-04 01:20:00,1.9017018286241187
2018-01-04 01:30:00,1.978540594999104
2018-01-04 01:35:00,2.5093671322610733
2018-01-04 01:45:00,2.718877999472808
2018-01-04 01:55:00,1.8077619787257324
2018-01-04 02:00:00,1.7891997064356693
2018-01-04 02:10:00,1.628409525880139
2018-01-04 02:15:00,2.2821287795548137
2018-01-04 02:20:00,2.505141019701719
2018-01-04 02:25:00,2.2821741716736037
2018-01-04 02:30:00,2.344508077088794
2018-01-04 02:35:00,2.436785596288926
2018-01-04 02:45:00,2.263324956042589
2018-01-04 03:00:00,2.72269108956289
2018-01-04 03:05:00,2.968274205487038
2018-01-04 03:15:00,3.5905609839554287
2018-01-04 03:20:00,4.25040387585338
2018-01-04 03:25:00,4.410449736478642
2018-01-04 03:30:00,3.729001170224069
2018-01-04 03:35:00,3.422768912088839
2018-01-04 03:40:00,3.426059309232995
2018-01-04 03:45:00,3.5749563245753904
2018-01-04 03:55:00,4.013272989474265
2018-01-04 04:10:00,4.682480083733447
2018-01-04 04:20:00,4.355073282000325
2018-01-04 04:25:00,4.297743459440981
2018-01-04 04:30:00,3.987094762410273
2018-01-04 04:35:00,3.4219171434405813
2018-01-04 04:40:00,3.5307443696671643
2018-01-04 04:45:00,3.663361016956889
2018-01-04 04:50:00,3.390845194601773
2018-01-04 04:55:00,3.1815292334111973
2018-01-04 05:00:00,3.068561184971948
2018-01-04 05:10:00,3.5518888919201936
2018-01-04 05:15:00,3.763203441031258
2018-01-04 05:20:00,4.206496874114548
2018-01-04 05:25:00,4.06206404472542
2018-01-04 05:30:00,3.729255910012192
2018-01-04 05:35:00,4.008243470719655
2018-01-04 05:40:00,4.061040903577431
2018-01-04 05:50:00,5.0531342772374686
2018-01-04 06:00:00,3.9831401993900633
2018-01-04 06:05:00,4.020015538511518
2018-01-04 06:10:00,4.189123322326131
2018-01-04 06:30:00,3.016729422367749
2018-01-04 06:35:00,3.54871516130127
2018-01-04 06:50:00,3.929447806358005
2018-01-04 06:55:00,3.4099559227163976
2018-01-04 07:00:00,3.6191804576267375
2018-01-04 07:05:00,3.563293994000891
2018-01-04 07:10:00,3.3932838648007726
2018-01-04 07:15:00,2.647069120108493
2018-01-04 07:20:00,2.325082935909593
2018-01-04 07:30:00,3.4320398333231514
2018-01-04 07:35:00,3.677242975455059
2018-01-04 07:40:00,2.90458541410801
2018-01-04 07:55:00,2.306313174650697
2018-01-04 08:00:00,2.3572372351300994
2018-01-04 08:05:00,2.241845224713349
2018-01-04 08:10:00,1.9327431756269364
2018-01-04 08:15:00,1.798762623034785
2018-01-04 08:25:00,2.4765438734488265
2018-01-04 08:30:00,2.723631029343901
2018-01-04 08:40:00,2.414941497922775
2018-01-04 08:45:00,1.962883564591732
2018-01-04 08:55:00,2.044130032741481
2018-01-04 09:00:00,2.2242611888672315
2018-01-04 09:10:00,1.4828302916110596
2018-01-04 09:20:00,1.9409955952395068
2018-01-04 09:25:00,2.1508187275114965
2018-01-04 09:30:00,2.16291190697881
2018-01-04 09:35:00,2.4259680164786976
2018-01-04 09:45:00,2.308533720946396
2018-01-04 09:50:00,2.4017179918121454
2018-01-04 09:55:00,2.6670909253832256
2018-01-04 10:00:00,2.803259044249147
2018-01-04 10:05:00,2.783674291979128
2018-01-04 10:15:00,2.456201256874325
2018-01-04 10:20:00,2.8087620350329674
2018-01-04 10:25:00,2.78430939658506
2018-01-04 10:30:00,2.6023426605537625
2018-01-04 10:35:00,2.6278279561739337
2018-01-04 10:40:00,2.8204105848146166
2018-01-04 10:45:00,2.919914022833068
2018-01-04 10:50:00,3.371791630216795
2018-01-04 10:55:00,3.1108963933863114
2018-01-04 11:05:00,2.333544408535812
2018-01-04 11:15:00,3.475436812196457
2018-01-04 11:20:00,3.687832978689858
2018-01-04 11:25:00,3.7709992330869
2018-01-04 11:30:00,3.595664929902705
2018-01-04 11:35:00,3.106354007179372
2018-01-04 11:40:00,3.3894772876386665
2018-01-04 11:45:00,3.722794820563868
2018-01-04 11:50:00,4.206205061846263
2018-01-04 12:05:00,3.7440312980025854
2018-01-04 12:20:00,3.9205883611803056
2018-01-04 12:25:00,3.485849593106661
2018-01-04 12:30:00,3.815412663818372
2018-01-04 12:35:00,4.09638102693979
2018-01-04 12:40:00,4.195778974376268
2018-01-04 12:45:00,3.721806623562971
2018-01-04 12:50:00,3.660444224236538
2018-01-04 12:55:00,3.5809088089797974
2018-01-04 13:05:00,3.821206766433128
2018-01-04 13:10:00,4.584155980951318
2018-01-04 13:15:00,5.100854036689521
2018-01-04 13:20:00,4.519272504402791
2018-01-04 13:25:00,3.8493856541134135
2018-01-04 13:30:00,3.347493999274658
2018-01-04 13:35:00,3.796952846948642
2018-01-04 13:40:00,4.083994169254448
2018-01-04 13:45:00,4.2340154394763525
2018-01-04 13:50:00,4.159785392948157
2018-01-04 13:55:00,4.358932279432809
2018-01-04 14:00:00,4.60901856793932
2018-01-04 14:05:00,4.410396816840732
2018-01-04 14:10:00,4.636301477853032
2018-01-04 14:15:00,4.399588088300255
2018-01-04 14:20:00,4.0348985890932365
2018-01-04 14:25:00,3.561003586117007
2018-01-04 14:30:00,3.276715211111248
2018-01-04 14:35:00,2.854167614546724
2018-01-04 14:40:00,2.945227606181375
2018-01-04 14:50:00,3.4892772148693463
2018-01-04 14:55:00,3.528827218784257
2018-01-04 15:00:00,3.4381159857449863
2018-01-04 15:05:00,4.076405132104845
2018-01-04 15:15:00,3.5171995209371985
2018-01-04 15:20:00,2.3427510423688016
2018-01-04 15:25:00,1.6981954697911168
2018-01-04 15:30:00,2.5827034808379783
2018-01-04 15:35:00,3.804407499173163
2018-01-04 15:45:00,3.7755638856072986
2018-01-04 15:50:00,3.1887039576945506
2018-01-04 15:55:00,3.313574315194694
2018-01-04 16:05:00,2.9039093533734484
2018-01-04 16:20:00,3.1452544942590186
2018-01-04 16:25:00,2.820301553313453
2018-01-04 16:30:00,2.9953096398703694
2018-01-04 16:35:00,2.7053963306447057
2018-01-04 16:40:00,2.3486178376913687
2018-01-04 16:45:00,1.735357664459957
2018-01-04 16:50:00,1.5021611513743816
2018-01-04 17:00:00,2.0862977479291724
2018-01-04 17:05:00,2.0532611864412824
2018-01-04 17:10:00,2.0525004765008914
2018-01-04 17:15:00,2.530975863495766
2018-01-04 17:25:00,2.270703723100572
2018-01-04 17:30:00,1.9564540135936224
2018-01-04 17:40:00,1.2567678984968238
2018-01-04 17:50:00,1.7442968615146597
2018-01-04 17:55:00,1.771831741622325
2018-01-04 18:00:00,2.22532783187954
2018-01-04 18:05:00,2.523822593673326
2018-01-04 18:20:00,2.7729750320939406
2018-01-04 18:30:00,2.0063842550508664
2018-01-04 18:40:00,3.203133456652964
2018-01-04 18:45:00,3.5894164260328005
2018-01-04 18:55:00,2.8885226362675622
2018-01-04 19:00:00,2.632469920351086
2018-01-04 19:05:00,2.7607548485615525
2018-01-04 19:10:00,3.2724154594983106
2018-01-04 19:15:00,3.493794058746392
2018-01-04 19:20:00,3.7455189420607335
2018-01-04 19:25:00,3.8079519226615046
2018-01-04 19:30:00,3.595060947624087
2018-01-04 19:35:00,3.368378698218284
2018-01-04 19:40:00,3.4504009610574444
2018-01-04 19:45:00,3.800287308518888
2018-01-04 19:50:00,4.62383726432083
2018-01-04 19:55:00,5.14200096241936
2018-01-04 20:00:00,4.717355649368983
2018-01-04 20:05:00,4.046052494963722
2018-01-04 20:10:00,3.730716184646105
2018-01-04 20:15:00,3.826208403229912
2018-01-04 20:35:00,3.373365012036654
2018-01-04 20:45:00,4.556505317562198
2018-01-04 20:50:00,4.723174123260057
2018-01-04 20:55:00,4.706293257981059
2018-01-04 21:00:00,4.625294059818731
2018-01-04 21:05:00,4.259395335358073
2018-01-04 21:10:00,4.12951006039282
2018-01-04 21:20:00,4.99314542129119
2018-01-04 21:25:00,5.367188877805734
2018-01-04 21:35:00,4.632475629204528
2018-01-04 22:00:00,4.668286427893991
2018-01-04 22:05:00,4.3415840059432
2018-01-04 22:10:00,3.2697388111130965
2018-01-04 22:25:00,3.405753127426788
2018-01-04 22:30:00,3.581949046969241
2018-01-04 22:35:00,3.5550498899593466
2018-01-04 22:45:00,2.4706739726151024
2018-01-04 22:50:00,2.454557953766769
2018-01-04 22:55:00,2.951265842793336
2018-01-04 23:00:00,3.182068494918608
2018-01-04 23:05:00,3.0528190102963686
2018-01-04 23:10:00,3.1337192981188515
2018-01-04 23:15:00,3.350439071754109
2018-01-04 23:20:00,3.062181055656916
2018-01-04 23:25:00,3.190233301857672
2018-01-04 23:30:00,3.313505843679732
2018-01-04 23:35:00,3.0495078640053226
2018-01-04 23:40:00,2.541364150114517
2018-01-04 23:45:00,2.117737566475821
2018-01-04 23:50:00,2.414447790167178
2018-01-04 23:55:00,2.44669833357202
2018-01-05 00:00:00,2.5965727627558555
2018-01-05 00:10:00,2.2354103713510547
2018-01-05 00:15:00,2.1831016189727737
2018-01-05 00:40:00,2.461470975035166
2018-01-05 00:45:00,2.447241367376587
2018-01-05 00:50:00,2.06688289388805
2018-01-05 01:00:00,2.929227188824883
2018-01-05 01:05:00,3.424461894417268
2018-01-05 01:15:00,3.008722398925862
2018-01-05 01:20:00,2.512711655373523
2018-01-05 01:25:00,1.976155254676045
2018-01-05 01:30:00,2.271445849369213
2018-01-05 01:35:00,2.4884773175368133
2018-01-05 01:40:00,3.0160698957202863
2018-01-05 01:45:00,3.194070614119896
2018-01-05 01:50:00,2.850928924536929
2018-01-05 01:55:00,2.088673023427835
2018-01-05 02:00:00,1.3855774689299345
2018-01-05 02:05:00,1.0246821342510963
2018-01-05 02:10:00,1.2084278410122609
2018-01-05 02:15:00,2.0542736084925117
2018-01-05 02:20:00,2.4328230132319537
2018-01-05 02:30:00,2.212548188524977
2018-01-05 02:35:00,2.761642979501027
2018-01-05 02:45:00,3.028525947551884
2018-01-05 02:50:00,2.57003029134335
2018-01-05 03:00:00,3.2166450854400863
2018-01-05 03:05:00,3.9478672762365385
2018-01-05 03:15:00,4.132481803763774
2018-01-05 03:20:00,3.818485902816972
2018-01-05 03:25:00,3.704921621243821
2018-01-05 03:30:00,4.036558270219743
2018-01-05 03:35:00,4.443951855917546
2018-01-05 03:40:00,4.62162269004561
2018-01-05 03:45:00,4.220119823790196
2018-01-05 03:50:00,3.636841719777947
2018-01-05 04:00:00,3.463388430317191
2018-01-05 04:05:00,3.678494631296727
2018-01-05 04:10:00,4.39503330644172
2018-01-05 04:15:00,5.024599535926446
2018-01-05 04:30:00,4.508729860777538
2018-01-05 04:35:00,3.844945211343497
2018-01-05 04:40:00,3.363384875943545
2018-01-05 04:45:00,3.179038907952208
2018-01-05 04:50:00,3.3219368625668872
2018-01-05 04:55:00,3.359733079115928
2018-01-05 05:00:00,3.2310929565580104
2018-01-05 05:05:00,2.965610189795693
2018-01-05 05:10:00,2.838556052463013
2018-01-05 05:20:00,3.699589801291526
2018-01-05 05:25:00,4.223719203338487
2018-01-05 05:30:00,4.591802703856232
2018-01-05 05:40:00,4.111117994617146
2018-01-05 05:50:00,4.370871513520331
2018-01-05 05:55:00,4.592904508324402
2018-01-05 06:00:00,4.518924480858759
2018-01-05 06:05:00,4.268405004356449
2018-01-05 06:10:00,3.862451269349826
2018-01-05 06:15:00,4.009864259022504
2018-01-05 06:20:00,3.82292737162218
2018-01-05 06:25:00,4.127418923530374
2018-01-05 06:30:00,4.420189719248982
2018-01-05 06:35:00,4.6853120921976
2018-01-05 06:40:00,4.412463075482074
2018-01-05 06:45:00,4.145563868921344
2018-01-05 06:50:00,3.372058589767798
2018-01-05 06:55:00,2.5566210304669803
2018-01-05 07:05:00,2.0176777048678227
2018-01-05 07:10:00,2.13430444966919
2018-01-05 07:15:00,2.2146322525452566
2018-01-05 07:20:00,2.2787286306841463
2018-01-05 07:25:00,2.552678796436612
2018-01-05 07:30:00,2.556801738491771
2018-01-05 07:35:00,2.4176873476145966
2018-01-05 07:40:00,2.2092807221831863
2018-01-05 07:45:00,2.528012348588168
2018-01-05 07:50:00,2.7774059868348533
2018-01-05 07:55:00,2.758524277707124
2018-01-05 08:05:00,2.012988379869648
2018-01-05 08:10:00,1.7465385102531914
2018-01-05 08:15:00,2.0748551852576105
2018-01-05 08:25:00,2.4061792412704395
2018-01-05 08:30:00,1.5112660556978486
2018-01-05 08:40:00,1.0019950151566956
2018-01-05 08:45:00,1.6511114284335546
2018-01-05 08:50:00,2.27519203133476
2018-01-05 08:55:00,2.20287820470984
2018-01-05 09:00:00,2.0899203071821897
2018-01-05 09:05:00,2.683251192592559
2018-01-05 09:15:00,3.059015830893171
2018-01-05 09:20:00,2.5952467044070158
2018-01-05 09:25:00,2.438357563117347
2018-01-05 09:30:00,1.9679386658776528
2018-01-05 09:35:00,1.8294745723749075
2018-01-05 09:40:00,1.6686643829893932
2018-01-05 09:45:00,2.2777562886489093
2018-01-05 09:55:00,3.1367991767403627
2018-01-05 10:00:00,3.147338991556976
2018-01-05 10:05:00,2.970098040468994
2018-01-05 10:10:00,2.604931682273772
2018-01-05 10:15:00,2.1184588533983018
2018-01-05 10:20:00,2.179249877365836
2018-01-05 10:25:00,2.839577191947234
2018-01-05 10:35:00,3.1336291286766955
2018-01-05 10:40:00,2.8523177859103592
2018-01-05 10:50:00,1.9175499020288296
2018-01-05 10:55:00,2.277503115368439
2018-01-05 11:00:00,2.963697408474644
2018-01-05 11:05:00,3.3007921349456835
2018-01-05 11:10:00,3.991190720497246
2018-01-05 11:20:00,4.334100513903662
2018-01-05 11:30:00,3.5217609038926363
2018-01-05 11:45:00,3.3710558145964944
2018-01-05 11:50:00,3.308167672699087
2018-01-05 11:55:00,4.002629152719219
2018-01-05 12:05:00,4.187377758830121
2018-01-05 12:10:00,3.894113969749138
2018-01-05 12:15:00,3.7318477666619296
2018-01-05 12:20:00,3.7922239678437566
2018-01-05 12:25:00,4.072522744799191
2018-01-05 12:30:00,4.423811033096397
2018-01-05 12:35:00,3.9876661514127023
2018-01-05 12:45:00,4.5847928889937295
2018-01-05 12:55:00,4.670963579652572
2018-01-05 13:00:00,4.365823983450817
2018-01-05 13:05:00,4.201432795585169
2018-01-05 13:10:00,3.647533944373146
2018-01-05 13:15:00,3.339204182783557
2018-01-05 13:20:00,3.7760817905049953
2018-01-05 13:25:00,4.9224604266991445
2018-01-05 13:30:00,5.016576350234854
2018-01-05 13:35:00,4.700719054852092
2018-01-05 13:45:00,3.625715971902271
2018-01-05 13:50:00,3.3175976050227245
2018-01-05 14:00:00,2.6273777778417085
2018-01-05 14:05:00,2.511186667938856
2018-01-05 14:10:00,2.969789659367512
2018-01-05 14:30:00,2.320833522403821
2018-01-05 14:40:00,2.9161091015116587
2018-01-05 14:45:00,3.334304893103319
2018-01-05 14:50:00,3.4361668595666
2018-01-05 14:55:00,3.286706346556296
2018-01-05 15:05:00,2.9425534331095684
2018-01-05 15:10:00,3.0169232593092032
2018-01-05 15:25:00,2.8634759485059518
2018-01-05 15:30:00,2.939396840875589
2018-01-05 15:35:00,3.1727137849237943
2018-01-05 15:40:00,2.9358889753198163
2018-01-05 15:45:00,2.80065844775788
2018-01-05 16:00:00,2.353116140363324
2018-01-05 16:05:00,2.8274693194473697
2018-01-05 16:20:00,1.8428368849720365
2018-01-05 16:25:00,2.5890423605227504
2018-01-05 16:30:00,2.6740007183212557
2018-01-05 16:35:00,2.296605898905712
2018-01-05 16:45:00,2.132499351169692
2018-01-05 16:50:00,2.1305516274921383
2018-01-05 16:55:00,2.5013290237668357
2018-01-05 17:00:00,2.5674967639368327
2018-01-05 17:10:00,2.185009485038985
2018-01-05 17:15:00,2.0367450086444374
2018-01-05 17:25:00,2.426955940367435
2018-01-05 17:30:00,2.692727213179528
2018-01-05 17:35:00,2.1259206338531125
2018-01-05 17:40:00,1.5401089146693274
2018-01-05 17:45:00,1.497456413126029
2018-01-05 18:00:00,2.065478475930389
2018-01-05 18:05:00,2.4236461550675026
2018-01-05 18:10:00,3.098348277283965
2018-01-05 18:20:00,4.034793079511172
2018-01-05 18:25:00,3.612773716742888
2018-01-05 18:30:00,2.7784545870974915
2018-01-05 18:35:00,2.2709677504997723
2018-01-05 18:40:00,2.094086936944006
2018-01-05 18:45:00,2.30342101128518
2018-01-05 18:50:00,2.6102187527383944
2018-01-05 19:05:00,2.910005717245012
2018-01-05 19:10:00,2.990208110453704
2018-01-05 19:15:00,3.230875889282453
2018-01-05 19:30:00,4.404875932521858
2018-01-05 19:35:00,4.750073460673045
2018-01-05 19:40:00,4.625814113398049
2018-01-05 19:50:00,3.5746065146040733
2018-01-05 20:00:00,4.358179642705781
2018-01-05 20:15:00,4.454430287205242
2018-01-05 20:25:00,3.999289789602249
2018-01-05 20:30:00,3.7442857495254
2018-01-05 20:40:00,4.7735694543081335
2018-01-05 20:50:00,4.95763157031816
2018-01-05 21:00:00,4.620922853887482
2018-01-05 21:10:00,4.817718756028666
2018-01-05 21:15:00,5.414929881150747
2018-01-05 21:20:00,5.491993703289637
2018-01-05 21:25:00,4.894904732919588
2018-01-05 21:45:00,4.681885057917071
2018-01-05 21:50:00,4.754585746568912
2018-01-05 21:55:00,4.302378568374032
2018-01-05 22:00:00,3.766766166940141
2018-01-05 22:05:00,3.20108480033034
2018-01-05 22:15:00,2.7101763230959763
2018-01-05 22:20:00,3.0423811524693574
2018-01-05 22:25:00,3.420881405540124
2018-01-05 22:35:00,3.58690198069084
2018-01-05 22:45:00,2.502785523545509
2018-01-05 22:50:00,2.442868720690773
2018-01-05 23:00:00,2.561902791601884
2018-01-05 23:05:00,2.800841007962499
2018-01-05 23:15:00,2.986789302119833
2018-01-05 23:20:00,2.5735178461062205
2018-01-05 23:25:00,2.272343001415757
2018-01-05 23:30:00,1.9192274262711413
2018-01-05 23:40:00,1.9901914102951883
2018-01-05 23:45:00,2.301171753297956
2018-01-05 23:55:00,2.6272276370434886
2018-01-06 00:05:00,2.5525490353069644
2018-01-06 00:10:00,2.5718484113718985
2018-01-06 00:30:00,1.8459443580438084
2018-01-06 00:40:00,1.261208659938034
2018-01-06 00:45:00,1.469594930470305
2018-01-06 00:50:00,1.7321988542275442
2018-01-06 01:00:00,1.240992496043225
2018-01-06 01:05:00,1.1949189219202383
2018-01-06 01:10:00,1.3442413477611646
2018-01-06 01:15:00,2.310603531846489
2018-01-06 01:25:00,2.4714882005306293
2018-01-06 01:30:00,1.9804949712187123
2018-01-06 01:35:00,1.821405359965877
2018-01-06 01:40:00,2.3208324899890824
2018-01-06 01:45:00,2.9970946003021623
2018-01-06 01:50:00,2.560869472676269
2018-01-06 02:00:00,1.4928318378810808
2018-01-06 02:05:00,1.6702468640149055
2018-01-06 02:10:00,1.651036357337497
2018-01-06 02:15:00,1.9422309451526776
2018-01-06 02:25:00,1.9414421629755572
2018-01-06 02:30:00,2.059550759514387
2018-01-06 02:35:00,2.7296156860238283
2018-01-06 02:40:00,2.4942310014131257
2018-01-06 02:50:00,2.562173480406264
2018-01-06 03:00:00,4.0620805639589
2018-01-06 03:05:00,4.090442899491956
2018-01-06 03:10:00,3.894759529123183
2018-01-06 03:15:00,3.793986129734678
2018-01-06 03:30:00,3.0660087518606804
2018-01-06 03:35:00,2.988545346263076
2018-01-06 03:40:00,3.058991631695526
2018-01-06 03:45:00,3.080167843840192
2018-01-06 04:00:00,3.3168428824713305
2018-01-06 04:05:00,3.038320259555125
2018-01-06 04:10:00,3.229259144281569
2018-01-06 04:15:00,3.4793292720759657
2018-01-06 04:25:00,4.255968906394767
2018-01-06 04:35:00,4.62228091741312
2018-01-06 04:45:00,4.947377997431291
2018-01-06 04:50:00,4.166452233069276
2018-01-06 04:55:00,3.787604665651178
2018-01-06 05:00:00,3.750967894561339
2018-01-06 05:10:00,2.476016688261306
2018-01-06 05:20:00,2.915179921784376
2018-01-06 05:25:00,3.4687398392317523
2018-01-06 05:30:00,3.594432403925567
2018-01-06 05:35:00,3.680509570536479
2018-01-06 05:45:00,4.167166263830227
2018-01-06 05:50:00,4.253068924478932
2018-01-06 05:55:00,4.06916204292274
2018-01-06 06:00:00,3.8436950351436168
2018-01-06 06:10:00,3.929563105608501
2018-01-06 06:15:00,3.973190272969706
2018-01-06 06:30:00,3.4329298869982825
2018-01-06 06:40:00,3.47977822348925
2018-01-06 06:45:00,3.2922288951364624
2018-01-06 06:50:00,3.200009489834726
2018-01-06 07:00:00,3.96277774136366
2018-01-06 07:05:00,3.940636477720358
2018-01-06 07:10:00,4.060297983050319
2018-01-06 07:15:00,4.056651885972581
2018-01-06 07:20:00,4.025170727923934
2018-01-06 07:30:00,3.415664064578368
2018-01-06 07:35:00,3.2719446843921363
2018-01-06 07:40:00,2.986391001606129
2018-01-06 07:45:00,3.1886374484921243
2018-01-06 07:50:00,3.3469990091074457
2018-01-06 07:55:00,3.447866165248305
2018-01-06 08:00:00,3.277243698966671
2018-01-06 08:10:00,3.2693523000795284
2018-01-06 08:15:00,3.3833934188776955
2018-01-06 08:20:00,3.3177257166246013
2018-01-06 08:25:00,2.759943799346659
2018-01-06 08:30:00,1.951081444018028
2018-01-06 08:35:00,1.4611617893422442
2018-01-06 08:40:00,2.087379103637056
2018-01-06 08:45:00,2.3759579836952605
2018-01-06 09:00:00,2.519454520275975
2018-01-06 09:10:00,2.0760420976998235
2018-01-06 09:15:00,2.544477258683111
2018-01-06 09:20:00,2.796108628569552
2018-01-06 09:25:00,2.7746319014187426
2018-01-06 09:30:00,2.5552164927130807
2018-01-06 09:35:00,2.327278698605089
2018-01-06 09:40:00,2.0169932002017976
2018-01-06 09:45:00,2.67948226712478
2018-01-06 09:50:00,3.169963561894385
2018-01-06 10:00:00,2.8695113480710988
2018-01-06 10:05:00,2.744490127976719
2018-01-06 10:10:00,2.627287351911274
2018-01-06 10:15:00,2.36835687751422
2018-01-06 10:20:00,2.108811626790125
2018-01-06 10:25:00,2.9780288507253
2018-01-06 10:35:00,4.465187089978118
2018-01-06 10:45:00,4.28578287352356
2018-01-06 10:50:00,4.125092678600352
2018-01-06 10:55:00,3.528589064533294
2018-01-06 11:00:00,3.5645503606546227
2018-01-06 11:20:00,5.088860169963478
2018-01-06 11:25:00,5.723750698821323
2018-01-06 11:50:00,4.341498371177383
2018-01-06 11:55:00,3.1045231999035785
2018-01-06 12:00:00,2.127487162859359
2018-01-06 12:15:00,4.077312759594701
2018-01-06 12:25:00,3.811231561628522
2018-01-06 12:30:00,3.601271981308796
2018-01-06 12:35:00,4.0163936651543874
2018-01-06 12:40:00,4.126318798676055
2018-01-06 12:45:00,4.661456185481889
2018-01-06 12:50:00,4.551468149252649
2018-01-06 12:55:00,4.240678434599695
2018-01-06 13:00:00,3.947887238803369
2018-01-06 13:05:00,3.830560891812471
2018-01-06 13:15:00,3.106786476061109
2018-01-06 13:20:00,3.4816263421980507
2018-01-06 13:25:00,3.695579564055656
2018-01-06 13:35:00,4.176030778331515
2018-01-06 13:40:00,4.691791176697008
2018-01-06 13:45:00,5.081858529260376
2018-01-06 13:50:00,4.883043959107195
2018-01-06 13:55:00,4.588437664367363
2018-01-06 14:00:00,3.956813264442417
2018-01-06 14:05:00,3.4993789592299485
2018-01-06 14:15:00,3.291533192072107
2018-01-06 14:20:00,3.951103109323028
2018-01-06 14:25:00,4.55065518813111
2018-01-06 14:30:00,4.92912133485074
2018-01-06 14:35:00,4.084387046277852
2018-01-06 14:40:00,3.4916707525727237
2018-01-06 14:45:00,3.156535443975756
2018-01-06 14:50:00,2.680394287185901
2018-01-06 14:55:00,2.472539376342882
2018-01-06 15:00:00,2.32585660998713
2018-01-06 15:05:00,2.674810824957194
2018-01-06 15:10:00,3.4851562901661244
2018-01-06 15:15:00,4.107575317132035
2018-01-06 15:20:00,4.48483166354171
2018-01-06 15:25:00,3.85667098927136
2018-01-06 15:30:00,2.83975778342795
2018-01-06 15:45:00,2.4529362186424013
2018-01-06 15:50:00,2.496487253941501
2018-01-06 15:55:00,2.671900397102597
2018-01-06 16:00:00,2.707311032189154
2018-01-06 16:05:00,3.01617745776024
2018-01-06 16:10:00,2.924678982431945
2018-01-06 16:15:00,2.8799175733272264
2018-01-06 16:20:00,2.572965412624311
2018-01-06 16:30:00,2.358458200590184
2018-01-06 16:35:00,2.2736351345931145
2018-01-06 16:45:00,1.678015774465599
2018-01-06 16:50:00,1.9496749906169275
2018-01-06 17:05:00,2.112632919648454
2018-01-06 17:10:00,1.942733425626248
2018-01-06 17:25:00,2.663342236447656
2018-01-06 17:35:00,2.823327666541417
2018-01-06 17:40:00,2.685038674273685
2018-01-06 17:55:00,1.933456741837703
2018-01-06 18:00:00,2.4219595593319228
2018-01-06 18:10:00,2.4796261043066474
2018-01-06 18:20:00,1.8531336020764624
2018-01-06 18:25:00,1.5423655985399871
2018-01-06 18:35:00,2.967039589397212
2018-01-06 18:50:00,2.5637165096158565
2018-01-06 19:00:00,2.6407386116085325
2018-01-06 19:10:00,2.4623861255475887
2018-01-06 19:15:00,2.474255145253379
2018-01-06 19:20:00,2.819709243235681
2018-01-06 19:25:00,3.63931077673678
2018-01-06 19:30:00,4.240040588125339
2018-01-06 19:40:00,3.0881989016698186
2018-01-06 19:55:00,4.672684840931761
2018-01-06 20:00:00,4.718695435716226
2018-01-06 20:10:00,4.300782777577036
2018-01-06 20:15:00,4.494223777151845
2018-01-06 20:20:00,4.514161980469335
2018-01-06 20:25:00,4.623820500644568
2018-01-06 20:30:00,4.531813937525111
2018-01-06 20:35:00,4.239052077050629
2018-01-06 20:40:00,3.9975578283490014
2018-01-06 20:45:00,4.688921904585898
2018-01-06 20:55:00,4.563518581828784
2018-01-06 21:10:00,3.722778477928269
2018-01-06 21:25:00,4.197422671675611
2018-01-06 21:30:00,4.407093545081012
2018-01-06 21:40:00,4.475629092088128
2018-01-06 21:45:00,4.399352473119781
2018-01-06 21:55:00,3.927247353808004
2018-01-06 22:00:00,4.321787619362742
2018-01-06 22:15:00,4.230714947371569
2018-01-06 22:20:00,4.303276401660201
2018-01-06 22:25:00,4.188152922847918
2018-01-06 22:30:00,4.1276873558926725
2018-01-06 22:35:00,4.210965262668985
2018-01-06 22:50:00,3.734620205888044
2018-01-06 23:05:00,3.3455491976377885
